Iteration,Distance,Best Distance,Worst Distance,Difference
1,121861.82739288839,121861.82739288839,121861.82739288839,0.0
2,118388.12037846362,118388.12037846362,121861.82739288839,3473.70701442477
3,111433.08402656419,111433.08402656419,121861.82739288839,10428.743366324197
4,115942.20308074552,111433.08402656419,121861.82739288839,10428.743366324197
5,116363.17514150815,111433.08402656419,121861.82739288839,10428.743366324197
