Iteration,Distance,Best Distance,Worst Distance,Difference
1,123564.31538339045,123564.31538339045,123564.31538339045,0.0
2,127728.70146925743,123564.31538339045,127728.70146925743,4164.38608586698
3,113866.47323357924,113866.47323357924,127728.70146925743,13862.228235678194
4,117616.25793756187,113866.47323357924,127728.70146925743,13862.228235678194
5,120623.00551505177,113866.47323357924,127728.70146925743,13862.228235678194
