Iteration,Distance,Best Distance,Worst Distance,Difference
1,77.66851938224436,77.66851938224436,77.66851938224436,0.0
2,78.76803073797693,77.66851938224436,78.76803073797693,1.0995113557325737
3,80.33160047487266,77.66851938224436,80.33160047487266,2.6630810926283033
4,77.51994479789272,77.51994479789272,80.33160047487266,2.811655676979939
5,74.23355449180863,74.23355449180863,80.33160047487266,6.098045983064026
