Iteration,Distance,Best Distance,Worst Distance,Difference
1,2726.2169506873493,2726.2169506873493,2726.2169506873493,0.0
