Iteration,Distance,Best Distance,Worst Distance,Difference
1,108897.63703732529,108897.63703732529,108897.63703732529,0.0
2,115095.7892553528,108897.63703732529,115095.7892553528,6198.152218027521
3,111329.26501195032,108897.63703732529,115095.7892553528,6198.152218027521
4,112979.59104397775,108897.63703732529,115095.7892553528,6198.152218027521
5,111303.44397689904,108897.63703732529,115095.7892553528,6198.152218027521
